410ADCF3-8BAD-4AF2-8D78-EE60803DCC64.jpg,./Sorted_Images\Omar\Unknown_Location
42C130ED-BC1A-4D7A-9571-DD0EB509EE40.jpg,./Sorted_Images\Omar\Unknown_Location
56eec2d0-84b0-40e1-b0e4-2e3a4256ce7e.jpg,./Sorted_Images\Omar\Unknown_Location
C2BEA5B5-DB36-450D-AA25-B766AB307F1C.jpg,./Sorted_Images\Omar\Unknown_Location
fecdef6e-e328-4596-af2f-672d74d49eaa.jpg,./Sorted_Images\Omar\Unknown_Location
IMG_0102.jpeg,./Sorted_Images\Omar\Poplar
IMG_0112.jpeg,./Sorted_Images\Omar\Poplar
IMG_0114.jpeg,./Sorted_Images\Omar\Poplar
IMG_0418.jpeg,./Sorted_Images\Omar\Loughborough
IMG_0419.jpeg,./Sorted_Images\Omar\Loughborough
IMG_0633.PNG,./Sorted_Images\Omar\Unknown_Location
IMG_0664.PNG,./Sorted_Images\Omar\Unknown_Location
IMG_0979.jpeg,./Sorted_Images\Omar\Llanfairfechan
IMG_0982.jpeg,./Sorted_Images\Omar\Llanfairfechan
IMG_1148.jpeg,./Sorted_Images\Omar\Loughborough
IMG_1149.jpeg,./Sorted_Images\Omar\Loughborough
IMG_1363.jpeg,./Sorted_Images\Omar\Poplar
IMG_1602.PNG,./Sorted_Images\Omar\Unknown_Location
IMG_1621.jpeg,./Sorted_Images\Omar\Unknown_Location
IMG_1627.jpeg,./Sorted_Images\Omar\Poplar
IMG_1747.JPG,./Sorted_Images\Omar\Poplar
IMG_1794.jpeg,./Sorted_Images\Omar\Leicester
IMG_2248.PNG,./Sorted_Images\Omar\Unknown_Location
IMG_2253.PNG,./Sorted_Images\Omar\Unknown_Location
IMG_2256.PNG,./Sorted_Images\Omar\Unknown_Location
IMG_2365.jpeg,./Sorted_Images\Omar\Leicester
IMG_2448.jpeg,./Sorted_Images\Omar\Poplar
IMG_2480.jpeg,./Sorted_Images\Omar\Loughborough
IMG_2543.jpeg,./Sorted_Images\Omar\Loughborough
IMG_2544.jpeg,./Sorted_Images\Omar\Loughborough
IMG_2879.jpeg,./Sorted_Images\Omar\Poplar
IMG_2883.jpeg,./Sorted_Images\Omar\Poplar
IMG_3139.jpeg,./Sorted_Images\Omar\Manchester
IMG_3452.jpeg,./Sorted_Images\Omar\Loughborough
IMG_3463.jpeg,./Sorted_Images\Omar\Loughborough
IMG_3546.jpeg,./Sorted_Images\Omar\Loughborough
IMG_3565.jpeg,./Sorted_Images\Omar\Poplar
IMG_3611.jpeg,./Sorted_Images\Omar\Loughborough
IMG_3612.jpeg,./Sorted_Images\Omar\Loughborough
IMG_3859.PNG,./Sorted_Images\Omar\Unknown_Location
IMG_3923.PNG,./Sorted_Images\Omar\Unknown_Location
IMG_3928.PNG,./Sorted_Images\Omar\Unknown_Location
IMG_4045.jpeg,./Sorted_Images\Omar\Leicester
IMG_4129.jpeg,./Sorted_Images\Omar\Loughborough
IMG_4176.jpeg,./Sorted_Images\Omar\Loughborough
IMG_4177.jpeg,./Sorted_Images\Omar\Loughborough
IMG_4226.jpeg,./Sorted_Images\Omar\Unknown_Location
IMG_4772.PNG,./Sorted_Images\Omar\Unknown_Location
IMG_4881.jpeg,./Sorted_Images\Omar\Loughborough
IMG_4923.jpeg,./Sorted_Images\Omar\Poplar
IMG_4925.jpeg,./Sorted_Images\Omar\Poplar
IMG_5157.jpeg,./Sorted_Images\Omar\Reading
IMG_5158.jpeg,./Sorted_Images\Omar\Reading
IMG_5298.jpeg,./Sorted_Images\Omar\Loughborough
IMG_5308.jpeg,./Sorted_Images\Omar\Loughborough
IMG_5853.jpeg,./Sorted_Images\Omar\Loughborough
IMG_5856.jpeg,./Sorted_Images\Omar\Loughborough
IMG_6276.jpeg,./Sorted_Images\Omar\Loughborough
IMG_6349.jpeg,./Sorted_Images\Omar\Loughborough
IMG_6809.jpeg,./Sorted_Images\Omar\Loughborough
IMG_6902.PNG,./Sorted_Images\Omar\Unknown_Location
IMG_6903.PNG,./Sorted_Images\Omar\Unknown_Location
IMG_8026.PNG,./Sorted_Images\Omar\Unknown_Location
IMG_8027.PNG,./Sorted_Images\Omar\Unknown_Location
IMG_8028.jpeg,./Sorted_Images\Omar\Unknown_Location
IMG_8191.PNG,./Sorted_Images\Omar\Unknown_Location
IMG_8824.jpeg,./Sorted_Images\Omar\Loughborough
IMG_8826.jpeg,./Sorted_Images\Omar\Loughborough
IMG_8839.jpeg,./Sorted_Images\Omar\Loughborough
IMG_8840.jpeg,./Sorted_Images\Omar\Loughborough
IMG_8844.jpeg,./Sorted_Images\Omar\Loughborough
IMG_8845.jpeg,./Sorted_Images\Omar\Loughborough
IMG_8846.jpeg,./Sorted_Images\Omar\Loughborough
IMG_9017.jpeg,./Sorted_Images\Omar\Loughborough
IMG_9030.jpeg,./Sorted_Images\Omar\Loughborough
IMG_9381.jpeg,./Sorted_Images\Omar\Poplar
IMG_9383.jpeg,./Sorted_Images\Omar\Poplar
IMG_9384.jpeg,./Sorted_Images\Omar\Poplar
IMG_9386.jpeg,./Sorted_Images\Omar\Poplar
IMG_9524.jpeg,./Sorted_Images\Omar\Loughborough
IMG_9978.jpeg,./Sorted_Images\Omar\Loughborough
